Title,Price,Rating,Reviews,Link
"HP Stream 14"" HD BrightView Laptop, Intel Celeron N150, 16GB RAM, 288GB Storage (128GB eMMC + 160GB Docking Station Set), Intel UHD Graphics, 720p Webcam, Wi-Fi, 1 Year Office 365, Win 11 S, Silver",N/A,4.2 out of 5 stars,N/A,N/A
"Dell Inspiron Touchscreen Laptop, 15.6"" Business & Student Laptop Computer, Windows 11 Pro Laptop 32GB RAM 1TB SSD, Intel i5-1155G7 Processor, Full HD IPS Display, Numeric Keypad, HDMI, Carbon Black",N/A,4.2 out of 5 stars,N/A,N/A
"Laptop Computer with MS Office 2024, 32GB RAM 512GB SSD Laptops, 6500Y Processor (up to 3.4GHz), 15.6"" FHD IPS Display, Win11 Laptop for Student and Business, WiFi 5, BT 5.0, Sliver",N/A,N/A,N/A,N/A
"Laptop 16-inch 8GB DDR 256GB SSD Portable Laptop,Expandable to 1TB Pentium Quad-core CPU up to 2.64 GHz 9000mAh Battery Mini HDMI Interface USB3.0 Interface Dual-Band WiFi Webcam Slim laptops",N/A,4.2 out of 5 stars,N/A,N/A
"HP 14 Laptop, Intel Celeron N4020, 4 GB RAM, 64 GB Storage, 14-inch Micro-edge HD Display, Windows 11 Home, Thin & Portable, 4K Graphics, One Year of Microsoft 365 (14-dq0040nr, Snowflake White)",N/A,4.1 out of 5 stars,N/A,N/A
"Lenovo V-Series V15 Business Laptop, 15.6"" FHD Display, AMD Ryzen 7 7730U, 40GB RAM, 1TB SSD, Numeric Keypad, HDMI, RJ45, Webcam, Wi-Fi, Windows 11 Pro, Black",N/A,4.3 out of 5 stars,N/A,N/A
"HP 14"" Ultral Light Laptop for Students and Business, Intel Quad-Core, 8GB RAM, 192GB Storage(64GB eMMC+128GB Ghost Manta SD Card), 1 Year Office 365, USB C, Win 11 S",N/A,4.1 out of 5 stars,N/A,N/A
"ASUS ROG Strix G16 (2025) Gaming Laptop, 16” FHD+ 16:10 165Hz/3ms Display, NVIDIA® GeForce RTX™ 5060 Laptop GPU, Intel® Core™ i7 Processor 14650HX, 16GB DDR5, 1TB Gen 4 SSD, Wi-Fi 7, Windows 11 Home","1,399.99",4.6 out of 5 stars,N/A,N/A
"HP 15.6"" Business Laptop, Free Microsoft Office 2024 Lifetime License, Copilot AI Chat, HD Touchscreen Display, Intel 6-Core i3-1215U 4.4 GHz, 16GB RAM, 1TB SSD, Long Battery Life, Windows 11 Pro",N/A,4.1 out of 5 stars,N/A,N/A
"Lenovo IdeaPad 15.6"" Laptop, Intel Dual-Core CPU, 12GB RAM, 128GB eMMC, Wi-Fi 6, USB-C & HDMI, Windows 11 + 1-Year Microsoft Office 365, w/Dolby Audio & Privacy Shutter & WOWPC Recovery USB",N/A,4.7 out of 5 stars,N/A,N/A
